#mass,coupling
1000000000000000.0,0.0006063911761754771
2000000000000000.0,0.012767831692153411
4000000000000000.0,1.3914859871430725
