#mass,coupling
1000000000000000.0,0.0003664283286007935
2000000000000000.0,0.0102182226269427
3000000000000000.0,0.1394010089636041
4000000000000000.0,1.1027051517340123
