#mass,coupling
1000000000000000.0,0.0006623512452666582
2000000000000000.0,0.019945822537961226
3000000000000000.0,0.26983345907092604
4000000000000000.0,2.1051150965235648
